age,family_size,dependents,monthly_income,total_savings,property_value,has_disability,medical_severity,employment_status,label
71,2,0,24733,594507,0,0,10,Retired,0
45,5,2,23355,386923,0,0,2,Employed,0
32,4,0,33869,1433389,0,0,1,Retired,0
66,1,0,32548,483775,0,0,9,Unemployed,0
33,2,1,29460,716760,0,0,8,Employed,0
49,4,1,9286,794725,0,0,5,Unemployed,1
22,4,3,16797,1406636,0,1,1,Employed,1
40,2,0,43133,247258,0,1,4,Student,0
24,7,1,17271,364868,1943641,0,1,Employed,0
24,7,3,11055,1402400,0,0,8,Employed,1
57,5,4,44983,202270,0,0,6,Employed,0
61,7,5,20314,291519,2441408,0,2,Employed,0
47,3,0,31888,1267877,0,0,4,Student,0
21,8,1,3250,16853,0,0,2,Employed,1
66,8,0,34208,892180,0,0,0,Student,0
21,8,6,9342,262712,0,0,1,Student,1
60,8,3,14169,1150087,0,0,3,Student,1
23,7,6,31511,697647,1574751,0,6,Retired,0
57,3,1,35720,627101,0,0,10,Unemployed,0
77,7,6,30259,891995,0,0,2,Student,0
18,2,1,9634,271574,2398482,0,1,Retired,0
52,4,2,11237,385238,1186944,0,0,Unemployed,1
49,3,1,25367,729022,0,0,1,Student,0
27,8,0,22560,298195,0,0,1,Retired,0
76,3,2,7882,720210,0,0,1,Unemployed,1
20,1,0,7081,887957,0,0,9,Student,0
45,3,0,11427,429630,0,0,7,Employed,0
75,2,0,13703,185378,0,1,4,Unemployed,1
53,1,0,16755,918048,0,0,7,Employed,0
37,5,3,2926,1385903,2425718,0,8,Employed,0
85,1,0,27914,822013,0,0,10,Unemployed,0
56,6,0,6130,757865,1146754,1,6,Employed,1
23,7,5,6887,559135,0,0,10,Unemployed,1
39,2,0,38658,1417395,0,0,9,Unemployed,0
48,4,2,37662,716530,0,0,9,Retired,0
35,7,2,5764,1305675,2646058,0,9,Unemployed,0
45,3,1,43038,1419750,0,0,7,Unemployed,0
44,3,0,44161,352236,0,0,4,Unemployed,0
20,5,1,8190,212595,0,0,9,Employed,0
21,4,2,37640,82476,2659357,0,1,Retired,0
70,7,1,17011,170917,0,0,8,Retired,0
56,7,0,34525,39416,0,0,2,Unemployed,0
64,2,1,13917,1463075,0,1,0,Employed,1
51,6,3,30726,1381576,1545268,0,10,Retired,0
34,7,1,26869,1386402,2801451,0,8,Student,0
70,4,2,25144,948991,0,0,3,Employed,0
78,2,0,16328,563163,0,0,5,Unemployed,0
37,3,2,23335,138574,0,0,8,Student,0
74,3,1,3639,536786,0,0,9,Employed,1
42,2,1,32511,1282753,0,0,9,Retired,0
42,6,5,21609,673716,0,0,7,Unemployed,1
37,4,0,41914,166865,0,0,1,Unemployed,0
83,7,0,12907,7034,0,0,0,Employed,0
69,8,1,22738,197669,2548938,0,2,Student,0
53,5,1,32412,231741,0,1,3,Unemployed,0
42,3,0,8689,662752,1795690,0,5,Retired,0
69,4,3,24227,1491202,1869929,0,1,Student,0
45,4,2,44724,840808,1053275,0,8,Unemployed,0
76,4,1,3680,1298804,2968996,0,7,Retired,0
83,5,1,2445,1100159,0,0,8,Retired,1
74,4,0,24338,1352570,752444,1,2,Retired,0
49,6,2,41196,1428072,0,0,6,Student,0
64,3,0,2979,1341434,0,0,2,Employed,1
33,2,1,6847,1473528,1264804,1,3,Employed,1
66,5,1,13842,1487427,0,0,8,Student,0
28,7,3,23903,558493,0,0,0,Employed,0
24,4,2,24896,1330194,0,0,9,Student,0
21,3,1,22043,1049995,1895502,0,3,Retired,0
79,4,3,39673,1433455,0,1,1,Employed,0
72,4,0,14376,739621,0,1,8,Retired,1
37,3,0,15227,1365904,1762952,0,8,Unemployed,0
44,6,1,26523,8365,0,0,1,Retired,0
73,1,0,21278,215490,0,0,0,Student,0
26,6,4,41563,86029,0,0,3,Unemployed,0
82,2,1,14954,533250,0,0,2,Unemployed,0
79,1,0,27202,136851,2049494,0,7,Retired,0
31,2,1,4208,88991,0,0,0,Employed,1
22,8,2,8438,1290268,0,0,6,Unemployed,1
54,4,1,33657,1402340,1043961,1,7,Student,0
54,4,2,17356,1109587,0,0,9,Unemployed,0
52,2,0,38210,1362753,1793786,0,1,Retired,0
18,1,0,23594,68629,0,0,9,Retired,0
46,1,0,23106,70163,1085144,0,9,Retired,0
82,5,2,3405,312279,0,0,9,Student,1
56,4,3,34399,170838,0,0,8,Unemployed,0
51,8,5,18439,1187559,2095826,0,6,Retired,0
24,6,5,36590,103588,1167303,0,8,Unemployed,0
77,4,3,17742,675230,0,0,9,Student,0
53,1,0,20066,1196655,0,0,6,Unemployed,0
44,6,1,3280,974931,0,0,7,Retired,1
72,4,1,32115,942654,799442,1,8,Student,0
28,5,0,39842,1211120,0,0,10,Unemployed,0
29,7,6,5951,63991,0,0,1,Employed,1
49,5,3,3960,1196841,0,0,5,Employed,1
82,2,1,20287,574088,0,0,6,Unemployed,0
73,7,1,43344,505187,0,0,6,Retired,0
56,8,3,4812,1039740,0,0,3,Employed,1
79,7,3,13939,1270630,0,0,5,Unemployed,1
79,4,2,6276,1426507,2856750,0,2,Retired,0
34,7,3,38568,564360,2014015,0,10,Retired,0
73,8,7,28701,241564,0,1,10,Student,1
21,2,0,44785,1242620,0,0,3,Unemployed,0
27,7,3,2714,1133561,0,1,0,Retired,1
49,7,5,44712,1238639,0,0,10,Employed,0
84,7,1,19459,1388632,0,0,2,Student,0
47,7,2,37053,22891,0,0,9,Student,0
71,6,4,38934,112211,0,0,10,Retired,0
52,3,1,26866,359973,565822,0,4,Unemployed,0
61,4,0,27238,938634,0,0,1,Student,0
80,8,7,3946,1369353,2511762,0,6,Retired,0
25,3,0,11946,240697,0,0,7,Unemployed,0
71,3,0,32247,1364153,0,0,2,Unemployed,0
25,5,4,7216,422539,880310,0,6,Student,1
33,6,3,8370,1208358,0,1,0,Retired,1
55,3,1,26897,993726,0,0,5,Retired,0
21,1,0,30778,1102995,0,0,5,Unemployed,0
48,6,0,35683,256453,0,0,4,Student,0
64,8,2,2871,90675,1969319,0,2,Student,0
24,1,0,5649,1156575,0,0,7,Employed,1
70,5,0,22126,452393,0,0,1,Student,0
68,7,5,5734,1497698,2268623,0,6,Retired,0
65,1,0,23184,1182466,1006417,0,10,Student,0
73,6,2,44070,1499788,0,0,0,Employed,0
81,1,0,31627,329833,1033972,0,2,Retired,0
65,8,4,34329,369010,1341971,0,7,Student,0
53,6,2,14147,635228,0,0,7,Unemployed,1
51,1,0,16600,1026881,1048216,0,1,Employed,0
24,8,3,4754,1145787,0,0,6,Unemployed,1
51,5,4,4861,601287,0,0,8,Retired,1
20,8,6,18132,771372,0,1,6,Unemployed,1
31,8,3,34714,1417623,0,1,6,Employed,0
25,2,0,20247,726898,829100,0,4,Retired,0
51,7,3,30522,189698,2035823,0,6,Student,0
55,3,1,20824,515431,2028983,0,7,Employed,0
81,8,0,3521,1103395,0,0,9,Student,1
33,8,2,28412,1037133,0,0,2,Unemployed,0
60,1,0,44707,1452312,2562828,0,0,Student,0
49,2,1,37887,1379259,0,0,7,Employed,0
84,7,2,13474,906298,0,0,8,Employed,1
73,3,1,44608,415021,0,0,10,Unemployed,0
68,6,4,31512,1477803,1769001,0,2,Student,0
62,8,2,18509,315071,0,0,6,Unemployed,0
55,8,0,39242,1403976,0,0,6,Student,0
41,7,2,9960,1055563,0,0,2,Employed,1
83,5,2,17821,1495378,0,0,3,Unemployed,0
68,2,1,22337,756257,0,0,3,Retired,0
65,7,0,36937,263258,0,0,3,Student,0
25,4,0,8264,94251,0,0,0,Employed,1
31,3,1,7965,1182038,0,0,6,Student,1
21,6,0,19407,903635,0,0,9,Unemployed,0
48,5,4,3128,745042,0,0,2,Retired,1
32,1,0,36902,380947,0,1,3,Employed,0
20,4,1,42893,444903,0,1,4,Retired,0
32,1,0,23631,49188,0,1,6,Student,0
21,3,2,17420,615620,0,0,3,Retired,0
83,8,6,8868,894893,0,0,3,Student,1
22,2,1,22924,1494778,0,1,8,Student,0
56,4,1,9952,649828,2350666,0,5,Student,0
68,3,0,8766,262373,0,0,3,Unemployed,1
29,5,0,19233,676557,0,1,4,Unemployed,0
47,1,0,38509,1381206,884023,0,7,Retired,0
71,2,1,30039,1192466,0,0,2,Unemployed,0
75,7,5,12331,606927,0,0,6,Student,1
51,8,4,12406,1443289,0,0,9,Student,1
37,4,1,20343,117708,0,0,1,Retired,0
38,7,4,19240,43990,0,1,0,Retired,1
56,7,3,6460,451604,0,0,4,Student,1
26,4,1,31863,619811,0,1,7,Employed,0
20,4,3,34769,126176,0,0,8,Unemployed,0
36,8,1,24604,1460547,0,0,3,Unemployed,0
59,4,3,13324,335803,0,0,6,Unemployed,1
57,8,7,33010,316736,0,0,5,Retired,0
39,8,0,28566,1447336,0,0,8,Unemployed,0
30,7,4,24648,991031,0,0,4,Retired,0
46,1,0,43250,1427414,0,0,7,Student,0
83,4,2,6288,1256069,0,0,3,Unemployed,1
82,7,3,23967,602055,0,0,4,Retired,0
71,6,4,39421,106374,1124527,0,6,Retired,0
59,5,0,16124,401029,2566079,0,3,Unemployed,0
32,4,1,25927,1066208,0,0,7,Employed,0
48,7,3,22214,1392087,0,0,2,Employed,0
58,6,1,29354,1060428,0,0,3,Unemployed,0
26,6,3,37864,643355,0,0,5,Employed,0
71,3,0,36035,546316,0,0,9,Student,0
78,4,2,37512,962677,0,1,4,Employed,0
62,4,0,22622,482588,1842820,0,0,Student,0
79,3,2,9763,577593,0,0,0,Student,1
35,6,2,11546,673968,0,0,3,Unemployed,1
34,1,0,38256,1244791,0,0,0,Unemployed,0
54,5,2,38776,569352,2249504,0,5,Student,0
32,3,1,13220,348634,0,0,3,Retired,0
49,3,2,35928,1078807,0,0,7,Employed,0
55,8,1,5052,1030600,1275474,0,3,Employed,0
54,8,6,8055,116951,581408,0,10,Student,1
67,5,2,14241,238465,0,0,2,Student,1
72,1,0,7279,1305478,0,0,5,Student,1
58,6,0,42211,258806,0,1,10,Unemployed,0
56,3,2,15622,1136543,0,0,0,Student,0
59,7,0,19575,436516,0,0,6,Employed,0
34,3,0,10524,1192285,0,0,1,Unemployed,0
28,1,0,35278,1431346,0,0,2,Retired,0
66,7,2,28304,1334216,0,1,8,Student,0
60,5,2,40885,1396500,0,0,9,Employed,0
84,5,3,20054,400057,0,1,8,Unemployed,1
69,3,0,8152,353669,2925122,0,10,Employed,0
24,7,0,32561,954640,1603641,0,1,Retired,0
40,1,0,27428,694319,0,1,4,Unemployed,0
23,8,4,41311,544531,0,0,5,Unemployed,0
69,8,7,9040,1146726,0,0,3,Student,1
77,7,0,18923,1449480,0,0,9,Employed,0
83,8,6,2869,257776,0,0,1,Student,1
34,5,4,11597,458107,2762085,0,9,Employed,0
57,7,4,25276,586898,0,0,5,Unemployed,0
45,1,0,44603,580362,1228953,0,1,Student,0
49,7,1,5673,160937,1426132,0,4,Unemployed,0
53,2,0,19090,1431376,0,0,4,Unemployed,0
61,4,2,4580,751217,2804881,0,3,Employed,0
63,2,1,44835,1028605,0,0,4,Student,0
76,6,1,2484,789616,1278137,1,8,Student,1
68,2,0,41285,365068,0,0,5,Employed,0
79,8,3,31696,105573,2339913,0,0,Retired,0
22,7,4,5424,397600,0,1,6,Unemployed,1
78,8,0,28483,1091062,0,0,9,Retired,0
67,2,1,14865,57051,0,1,5,Student,1
57,7,5,6281,1022922,2690816,0,6,Retired,0
27,2,0,42135,92674,2885770,1,8,Retired,0
45,3,2,20392,1388940,0,0,10,Unemployed,0
60,1,0,2048,1422489,0,0,3,Employed,1
68,7,6,8699,23528,2834229,1,2,Unemployed,1
29,1,0,28815,641021,0,0,6,Retired,0
56,3,0,43724,649787,0,0,2,Student,0
31,1,0,19268,1475568,0,0,1,Unemployed,0
58,5,1,20956,891584,0,0,3,Employed,0
30,5,2,42028,395459,2839243,0,8,Employed,0
69,8,7,16930,978989,1726801,0,6,Student,0
60,8,5,24173,208154,0,0,5,Employed,0
72,8,0,38181,1302665,509444,0,9,Retired,0
66,8,7,11102,1008860,0,0,3,Student,1
61,5,2,24018,1470634,0,0,10,Retired,0
40,2,1,37515,315922,0,0,1,Student,0
79,5,1,39170,542582,0,0,1,Retired,0
47,3,0,4919,308465,0,0,10,Employed,1
41,7,2,23201,207607,0,0,3,Retired,0
83,7,2,33373,232529,1881413,0,10,Retired,0
67,7,0,42251,180982,0,0,10,Student,0
36,4,3,15279,300939,1391608,0,5,Unemployed,0
81,3,2,19206,131856,0,0,5,Student,0
60,5,0,39459,266351,0,0,2,Student,0
50,3,2,27004,1178453,0,0,9,Unemployed,0
53,8,6,7312,559345,0,0,10,Student,1
67,5,2,7977,1031722,0,0,1,Unemployed,1
27,5,2,14108,23824,0,0,9,Student,1
31,6,3,2881,387152,0,0,3,Unemployed,1
58,4,3,43464,984012,0,0,1,Unemployed,0
67,6,5,35538,1065879,0,0,6,Unemployed,0
65,5,4,26792,601492,0,0,2,Unemployed,0
67,4,2,5406,527494,0,0,1,Retired,1
55,5,0,28321,979128,0,0,3,Unemployed,0
46,3,2,27375,806135,942472,0,3,Student,0
72,1,0,30562,632818,971942,0,6,Student,0
69,5,0,29182,376303,1423547,0,10,Employed,0
49,6,3,4760,472973,0,0,0,Retired,1
44,4,0,5446,862056,0,0,4,Student,1
21,4,0,14142,651801,2687885,0,9,Retired,0
39,4,1,22913,943076,0,0,6,Student,0
85,4,1,11042,952301,0,0,4,Student,1
36,5,3,27376,1003451,0,1,0,Retired,0
76,1,0,29409,914243,0,0,1,Employed,0
84,8,0,2650,154600,0,0,4,Retired,1
36,7,2,44457,951884,0,0,2,Employed,0
84,2,0,14792,275460,0,0,2,Student,0
44,8,1,31932,1304019,0,0,3,Employed,0
45,4,1,17141,467083,0,1,9,Employed,1
43,4,1,13819,1335304,0,0,1,Employed,0
64,6,1,40598,591306,0,0,7,Retired,0
34,4,0,41732,1074755,2882325,0,3,Retired,0
24,3,1,7904,453889,0,0,9,Retired,1
77,7,1,23588,126003,0,0,5,Retired,0
69,6,1,3311,1496772,0,0,7,Retired,1
78,4,1,8509,1120364,0,0,0,Retired,1
35,5,0,33991,511851,0,1,6,Student,0
22,5,2,32796,1062596,0,1,4,Student,0
65,1,0,14677,960470,1145262,0,1,Unemployed,0
64,6,0,7311,978830,1133889,0,1,Retired,1
36,2,1,28014,1330272,1740319,1,10,Retired,0
76,2,1,17667,478808,0,0,7,Student,0
70,7,5,10376,1337040,2043403,0,6,Employed,0
57,1,0,29941,1151793,2632196,0,0,Unemployed,0
30,7,1,14181,175217,2520527,0,0,Retired,0
50,7,3,9340,843368,2134513,0,7,Employed,0
23,2,0,9759,160391,876487,0,4,Unemployed,1
45,4,3,7582,449339,0,0,4,Unemployed,1
73,8,6,25073,1106026,0,0,6,Retired,0
40,2,1,12204,726931,0,0,9,Student,1
32,3,0,31629,95267,758782,0,4,Retired,0
71,8,3,30801,1088941,0,0,7,Unemployed,0
48,2,0,26628,945514,2333832,1,6,Retired,0
63,5,1,7339,611025,2473341,0,1,Unemployed,0
62,7,4,41974,750298,0,1,7,Unemployed,0
59,6,3,33329,1476920,0,0,2,Retired,0
24,5,3,4442,1206362,0,0,7,Employed,1
52,2,0,21789,619193,0,0,0,Student,0
46,4,1,8114,651996,0,0,5,Unemployed,1
81,3,1,36371,645297,0,0,1,Employed,0
85,2,1,28332,68897,1930182,0,3,Unemployed,0
62,8,5,14037,1031174,0,0,8,Student,1
61,7,1,10373,1001416,2482836,0,4,Retired,0
44,7,4,23713,300459,0,0,4,Student,0
85,2,1,28459,1393477,0,0,6,Retired,0
44,6,0,15673,884353,2227879,1,3,Employed,0
51,6,1,2437,404753,0,1,7,Unemployed,1
27,8,5,16283,573871,0,1,2,Employed,1
67,7,1,24475,371376,0,0,7,Unemployed,0
39,4,3,3465,930848,0,0,2,Unemployed,1
84,7,2,13712,310445,0,0,0,Unemployed,1
85,8,7,44489,757083,0,0,5,Student,0
51,1,0,26497,367117,1864150,0,9,Employed,0
77,7,3,18949,1109898,0,0,9,Retired,0
25,6,1,23672,39288,0,0,5,Retired,0
76,7,0,25177,171700,0,0,1,Retired,0
82,3,0,5158,110982,1667227,0,8,Employed,0
39,6,3,22265,1143372,0,0,9,Unemployed,0
34,2,1,39967,1463419,1764993,0,7,Employed,0
79,1,0,17162,521037,0,1,2,Student,0
77,5,3,13755,439487,0,1,1,Retired,1
24,7,4,2109,807850,0,0,6,Unemployed,1
42,5,2,44684,850468,0,0,7,Student,0
29,7,6,16306,714397,0,0,5,Employed,1
76,2,1,10187,1494244,2596898,0,5,Retired,0
54,4,2,18874,472142,859903,0,2,Student,0
18,4,0,43576,497987,0,0,5,Employed,0
38,5,4,40197,563105,1565509,0,8,Employed,0
77,8,1,15477,104149,0,0,0,Retired,0
33,1,0,18382,919446,0,0,9,Student,0
25,7,0,22114,1138063,872491,0,8,Student,0
34,7,2,21894,934280,2751530,0,10,Retired,0
22,7,4,9679,325169,2293466,0,9,Employed,0
54,6,0,20993,166612,0,0,0,Employed,0
30,5,3,30952,781044,0,0,10,Employed,0
41,8,1,12362,528554,0,0,9,Retired,1
35,7,2,35241,226044,1138781,1,0,Employed,0
55,8,5,39420,222183,0,0,3,Retired,0
50,7,4,31170,1304193,0,0,4,Retired,0
33,1,0,38505,87519,2842932,0,6,Student,0
59,6,0,32602,1416352,2242775,0,2,Retired,0
64,6,5,35593,552074,0,0,0,Retired,0
60,6,1,9013,604789,0,0,2,Retired,1
45,5,4,18511,387959,555670,0,5,Unemployed,1
53,5,1,17469,948969,0,0,2,Retired,0
46,3,2,36621,340962,1403452,0,7,Student,0
37,2,0,21523,636382,0,0,7,Student,0
81,3,0,34466,1060055,1620682,0,1,Employed,0
31,1,0,14142,274298,0,0,10,Unemployed,0
19,5,0,42539,1214269,0,1,0,Employed,0
41,7,0,12048,1479451,1765467,0,6,Retired,0
69,7,3,39273,1273299,0,0,1,Employed,0
82,2,0,18219,402632,0,0,7,Employed,0
46,7,2,37682,983538,2665499,0,5,Employed,0
78,7,6,15847,704504,0,0,10,Student,1
22,6,4,29583,752108,0,0,6,Retired,0
27,1,0,16171,255957,0,0,3,Retired,0
82,1,0,21571,267399,1135024,0,10,Student,0
43,4,0,13273,265404,0,0,0,Student,0
70,1,0,32756,620255,0,0,1,Retired,0
65,7,2,38093,1120349,0,0,0,Student,0
84,1,0,12654,1290691,0,0,9,Retired,0
25,7,2,32510,547984,0,1,8,Retired,0
25,7,0,24752,978665,1188120,0,0,Student,0
67,6,5,44771,1074606,2491067,1,9,Retired,0
61,5,0,2812,1236598,0,0,9,Student,1
41,5,0,28894,1112943,0,0,8,Student,0
21,3,1,13231,1009566,0,0,9,Unemployed,0
31,6,0,25205,1152897,2804180,0,0,Unemployed,0
47,1,0,22847,1061474,0,1,1,Employed,0
35,1,0,22678,1170129,0,1,0,Unemployed,0
49,5,3,18775,976418,0,0,6,Retired,0
74,1,0,23411,533601,0,0,0,Student,0
48,3,1,6633,1306208,0,0,8,Unemployed,1
85,1,0,36532,1414150,0,0,8,Retired,0
29,5,0,26342,392837,0,0,7,Unemployed,0
41,4,1,43354,898756,0,0,0,Employed,0
44,1,0,33093,711456,0,0,9,Employed,0
34,8,5,5676,299692,1422843,0,9,Unemployed,0
34,5,0,3598,333343,0,0,6,Unemployed,1
24,5,4,22679,1345961,0,1,8,Employed,1
27,8,0,12674,858449,0,0,4,Student,0
78,1,0,35512,1257396,0,0,4,Unemployed,0
29,3,2,7099,99941,0,0,1,Student,1
78,6,5,34629,925764,1542307,1,8,Unemployed,0
19,2,1,35981,851366,0,0,10,Student,0
38,8,4,28027,206824,0,0,8,Retired,0
80,8,0,28645,864015,1321590,0,9,Employed,0
49,7,5,32472,1268607,0,0,7,Student,0
34,7,1,8828,499706,2674626,0,3,Employed,0
50,1,0,29023,1030311,0,0,9,Unemployed,0
28,1,0,23833,1306629,0,0,6,Unemployed,0
30,7,3,28251,1457145,898578,0,3,Retired,0
64,5,3,33816,232922,0,1,9,Student,0
76,6,1,42036,1093529,0,0,4,Unemployed,0
22,1,0,18862,807890,2735416,0,0,Retired,0
63,3,1,31181,1091819,0,0,5,Student,0
34,1,0,27097,877785,0,0,9,Student,0
46,8,0,12222,523901,0,0,5,Unemployed,0
54,6,1,14769,948037,1564806,0,5,Student,0
71,6,1,2148,623358,0,1,0,Employed,1
22,4,2,7520,1206653,0,0,0,Student,1
84,1,0,31144,1139839,0,0,3,Retired,0
26,7,0,25325,908078,1361313,0,3,Retired,0
41,4,2,43894,1389565,0,0,4,Unemployed,0
39,3,2,6310,133613,0,0,10,Student,1
78,8,1,10905,1222282,0,0,5,Retired,1
65,4,3,30216,1166154,1547115,0,6,Unemployed,0
54,7,0,36039,803275,0,0,6,Retired,0
48,8,4,23893,826771,2351785,0,9,Retired,0
29,5,2,11969,126503,0,0,3,Unemployed,1
20,7,5,16655,66975,1438274,0,10,Retired,0
35,8,1,6279,522456,0,0,5,Retired,1
55,8,7,28311,434476,2871713,0,5,Unemployed,0
52,3,0,6787,279606,0,0,8,Unemployed,1
80,8,1,40254,1344844,0,0,6,Unemployed,0
22,8,7,19728,214399,878330,0,0,Retired,1
61,2,1,37159,749161,695152,0,3,Unemployed,0
82,2,1,18490,961788,2317698,0,9,Retired,0
68,6,0,5368,1284898,0,1,5,Employed,1
43,3,0,27862,692616,0,0,0,Unemployed,0
23,5,2,25215,1311886,0,0,1,Employed,0
34,6,2,13796,578404,1064414,1,0,Retired,1
83,3,0,30311,978237,0,0,9,Student,0
73,4,1,29263,1101700,0,0,0,Employed,0
49,6,4,10943,1075833,0,0,10,Student,1
75,4,0,33150,789422,0,0,3,Unemployed,0
56,8,1,30832,1115793,0,0,2,Employed,0
52,8,4,44154,92260,0,0,5,Retired,0
82,6,3,34357,1078961,0,0,8,Student,0
30,2,1,11634,674060,0,0,1,Unemployed,1
41,7,0,39320,188301,0,0,0,Student,0
71,4,0,2133,820983,0,0,0,Unemployed,1
53,6,2,36233,870658,0,0,10,Employed,0
64,8,4,44547,66616,0,0,5,Unemployed,0
58,1,0,17898,870249,0,0,6,Employed,0
61,7,3,24945,663049,0,0,0,Student,0
81,6,0,30743,924301,0,0,10,Employed,0
68,2,0,6570,1473903,1420383,0,1,Employed,0
68,7,1,32182,1447239,0,0,2,Unemployed,0
50,1,0,21151,874224,0,0,2,Employed,0
52,1,0,32434,1069011,0,0,9,Student,0
50,4,3,24619,353701,0,0,2,Student,0
61,2,0,14986,696469,0,0,6,Unemployed,0
20,8,3,34818,1025156,0,0,9,Student,0
78,4,2,35465,635531,0,0,9,Student,0
33,1,0,44476,1280659,0,1,9,Student,0
79,3,1,10055,381116,0,0,6,Retired,1
83,8,5,39252,161785,1388352,1,5,Unemployed,0
67,5,0,6543,1218798,0,0,6,Unemployed,1
55,8,6,21925,537483,0,1,4,Unemployed,1
21,7,4,23498,1388847,0,0,9,Employed,0
18,8,0,44869,474973,0,0,3,Retired,0
49,5,2,21564,157325,1999926,0,4,Employed,0
84,5,1,29314,597170,0,0,1,Employed,0
78,3,0,43997,267538,0,0,10,Employed,0
54,4,3,15899,1338503,0,0,0,Employed,1
82,7,1,17118,1413736,0,0,9,Retired,0
53,4,2,36842,1308854,628450,0,8,Student,0
72,6,5,31590,255361,0,0,5,Student,0
42,2,0,15201,1214303,0,1,5,Unemployed,0
21,7,1,37221,823681,0,0,7,Student,0
37,8,2,4012,703448,2044885,1,6,Unemployed,1
65,1,0,28411,52,0,0,10,Student,0
21,2,1,32406,726253,0,0,10,Unemployed,0
40,5,2,20367,308631,0,0,2,Unemployed,0
84,2,0,44050,1339152,1932731,0,2,Retired,0
36,5,2,3276,422017,1529310,1,2,Unemployed,1
77,6,0,2465,544488,0,0,10,Unemployed,1
62,5,4,3566,1260623,0,0,5,Unemployed,1
46,1,0,6524,133733,0,1,4,Retired,1
34,3,1,40747,238860,2748987,0,0,Unemployed,0
70,6,0,28919,574586,2347890,1,6,Student,0
41,8,6,17044,917577,1440425,1,2,Unemployed,1
22,6,3,19012,591280,0,0,7,Student,0
36,6,5,38427,460259,1173816,0,4,Employed,0
29,6,2,33037,317047,0,0,4,Student,0
76,8,2,10250,1485003,0,0,4,Unemployed,1
30,2,0,16057,805532,1263159,0,7,Student,0
53,6,5,21413,405305,0,0,6,Student,1
35,1,0,30256,226952,0,0,5,Retired,0
35,7,3,25253,1270281,1673114,0,7,Retired,0
81,8,3,21673,1386379,1984633,0,0,Retired,0
32,5,0,37884,140282,512873,0,2,Student,0
71,7,4,27011,511708,0,1,3,Student,1
51,5,0,7652,1268647,0,0,0,Student,1
61,4,2,15449,556418,0,1,10,Employed,1
41,1,0,36638,742660,0,0,8,Student,0
45,1,0,29711,1002937,0,0,10,Employed,0
80,4,3,24886,1074791,0,0,0,Retired,0
48,3,1,13440,864700,0,0,9,Employed,0
33,1,0,15132,133824,0,0,0,Employed,0
29,8,1,11215,220634,2384177,0,6,Employed,0
47,3,2,8804,246861,0,0,5,Employed,1
84,4,3,43831,191134,2286546,0,7,Retired,0
61,2,1,34843,898511,0,0,7,Unemployed,0
34,4,3,14530,852802,1819493,1,1,Employed,1
55,3,1,8518,230015,2465761,0,8,Unemployed,0
61,3,0,27371,1154255,0,0,6,Employed,0
56,2,1,44381,382696,0,0,4,Retired,0
33,5,1,40876,532018,2944035,1,8,Retired,0
24,8,3,23584,484116,1890067,0,5,Student,0
80,6,5,26477,1300409,0,0,2,Employed,0
64,8,6,19395,1197467,0,0,10,Student,1
48,6,4,16196,1063796,1739276,1,9,Retired,1
23,4,3,3040,984063,0,0,9,Student,1
34,5,4,23050,178962,0,0,7,Employed,0
72,2,0,42551,966373,0,0,6,Student,0
83,2,1,18492,585007,0,0,5,Employed,0
26,6,1,28826,225167,1788737,0,7,Employed,0
33,2,1,11601,308903,1933930,1,0,Student,1
48,5,1,23231,720884,1319522,0,9,Unemployed,0
39,4,1,17519,544522,0,0,8,Employed,0
34,6,1,29264,995278,966781,0,5,Employed,0
72,7,2,11849,122585,0,0,3,Unemployed,1
70,1,0,34884,1118553,0,0,0,Student,0
85,8,3,23111,881090,0,0,9,Employed,0
57,6,1,28351,1327066,0,1,7,Student,0
66,2,1,7716,320301,0,0,1,Retired,1
83,2,1,16017,110661,0,0,8,Unemployed,0
63,7,1,17490,1193930,2532616,1,7,Unemployed,1
22,5,1,21266,232527,1509154,0,1,Student,0
19,5,4,16068,702052,0,0,9,Retired,0
50,3,1,38041,954695,528557,0,8,Unemployed,0
25,8,5,29975,852436,1453033,1,9,Employed,1
69,7,3,16933,584620,0,0,2,Retired,1
21,1,0,15140,1327473,2208958,0,7,Retired,0
22,7,0,21563,1297692,1594019,1,4,Retired,0
59,4,0,15058,368438,0,0,9,Retired,0
72,7,4,22016,743648,1239286,0,3,Retired,0
82,6,2,29591,1299295,0,1,2,Student,0
72,7,5,25352,746082,0,1,2,Employed,1
69,3,0,42470,379050,0,0,6,Employed,0
25,3,0,20770,465959,0,0,8,Student,0
37,1,0,16289,278406,0,0,8,Student,0
33,5,2,27105,125662,0,0,2,Unemployed,0
30,8,7,40105,722801,0,0,1,Unemployed,0
28,1,0,41138,749107,2813307,0,0,Employed,0
66,8,6,43027,177069,2435974,0,9,Student,0
69,3,1,9138,130081,0,0,7,Retired,1
25,6,1,24936,969689,0,0,0,Retired,0
83,5,2,43235,1320147,0,0,8,Unemployed,0
23,2,0,40003,563175,0,0,2,Employed,0
40,3,2,20449,783027,1832650,0,0,Student,0
61,3,2,17538,524330,1877900,0,4,Unemployed,0
49,2,0,29821,751467,0,0,8,Student,0
42,2,0,34878,930104,1833726,1,5,Unemployed,0
38,8,1,20729,809153,0,0,8,Employed,0
23,2,0,15896,432449,0,0,7,Retired,0
55,2,0,37334,121970,2268952,1,7,Retired,0
35,3,2,5122,691988,0,1,6,Retired,1
45,3,2,11194,1489300,0,0,6,Employed,1
32,6,5,22836,510464,0,0,5,Unemployed,0
29,7,1,5101,877673,2794548,0,1,Retired,0
83,2,0,20359,879427,0,0,6,Employed,0
33,6,2,37651,1362330,0,0,6,Employed,0
81,8,0,2569,1165326,0,0,9,Retired,1
20,6,5,25263,1328545,0,0,7,Employed,0
26,1,0,41006,1250487,0,0,4,Employed,0
68,1,0,35716,492492,0,1,4,Retired,0
76,4,1,37100,1448056,0,0,8,Employed,0
71,1,0,4298,1053320,0,0,7,Retired,1
53,6,0,34194,970254,2236682,1,6,Retired,0
43,7,0,13969,360525,0,0,6,Employed,0
41,8,0,41984,948983,0,0,0,Employed,0
48,1,0,14043,53248,0,1,6,Student,1
85,7,0,7943,1197180,0,1,4,Employed,1
19,6,1,44317,974727,0,0,5,Student,0
76,4,3,12180,395811,1721533,0,6,Employed,0
23,8,7,33228,1104734,1353098,1,6,Employed,1
76,6,4,13400,209115,0,0,1,Student,1
52,1,0,27167,1472681,1484778,0,1,Student,0
73,5,2,3868,1215120,2183795,0,6,Employed,0
81,8,3,11238,1432464,0,0,0,Student,1
76,3,1,41767,815202,0,0,10,Employed,0
41,8,3,16834,652699,2251414,0,3,Employed,0
47,1,0,2296,1000328,1927357,0,9,Retired,0
38,1,0,7450,346435,0,0,4,Unemployed,1
72,6,1,23427,828094,0,1,8,Retired,0
64,3,2,4594,563591,0,0,9,Employed,1
78,8,6,13963,608052,0,1,9,Student,1
85,4,0,40241,231598,1184811,0,6,Retired,0
71,4,0,12489,707208,0,0,0,Unemployed,0
23,6,0,33139,662916,0,0,2,Retired,0
35,2,1,11675,491804,0,0,9,Employed,1
58,1,0,32011,785386,0,1,1,Employed,0
56,2,1,40245,647164,2996046,1,8,Unemployed,0
85,6,4,31286,134237,0,0,10,Student,0
20,1,0,24738,980972,579478,0,9,Unemployed,0
70,3,2,21507,27351,2909723,0,2,Student,0
53,6,0,11374,480339,0,0,5,Student,0
81,4,3,26759,627424,0,0,0,Employed,0
52,7,6,40468,1237555,0,0,2,Student,0
35,4,0,26785,661060,0,0,0,Retired,0
20,2,1,23474,1496959,0,0,5,Employed,0
46,5,4,35472,610010,875105,0,10,Unemployed,0
51,6,2,15403,1378322,0,0,6,Student,0
53,8,5,30281,1219176,801245,0,0,Employed,0
18,7,2,9164,1261830,0,0,1,Unemployed,0
18,2,0,24904,133801,0,0,3,Employed,0
39,6,5,37270,1069662,0,0,8,Student,0
30,5,2,10591,760107,2581440,0,0,Employed,0
36,3,2,6488,1103063,0,0,7,Unemployed,1
49,5,0,40618,365393,0,0,9,Student,0
35,1,0,8974,848742,0,0,6,Student,1
23,6,1,25285,42685,0,0,7,Retired,0
35,4,0,16436,409208,2267287,1,1,Employed,0
28,4,1,18885,191463,2743837,0,2,Employed,0
62,7,2,39968,714307,511959,0,0,Employed,0
72,8,5,41603,1414502,0,1,8,Retired,0
36,3,2,16166,99813,0,1,9,Student,1
71,1,0,26555,271084,0,0,0,Unemployed,0
18,4,2,9989,893662,0,0,8,Retired,0
30,6,4,5448,993149,1736224,0,7,Student,0
54,5,1,16784,372229,0,0,3,Student,0
56,4,3,28458,188748,0,0,1,Student,0
76,4,1,37525,228177,1354062,1,8,Retired,0
22,2,0,15618,352054,0,0,2,Employed,0
48,6,2,28133,705619,0,0,7,Retired,0
82,7,2,40813,1244089,0,0,6,Unemployed,0
82,5,3,16261,1002019,0,0,8,Retired,1
50,4,0,29828,1374009,0,0,4,Employed,0
28,5,2,11141,316856,0,0,2,Unemployed,1
23,7,5,16530,1064436,0,0,5,Employed,1
67,2,0,21839,316628,0,1,5,Employed,0
52,2,0,20514,188218,0,0,1,Student,0
60,4,2,44856,57326,0,1,9,Unemployed,0
74,1,0,20539,140495,0,0,3,Retired,0
28,3,1,14209,443350,1282994,0,8,Retired,0
63,4,1,38499,932728,1045250,0,0,Employed,0
53,7,6,23033,558942,0,0,1,Student,1
53,8,1,12223,715233,0,0,4,Student,1
78,6,5,28135,960673,1998765,0,3,Retired,0
65,2,0,7263,152653,2425374,0,6,Unemployed,0
80,4,1,32800,783790,2012960,1,4,Unemployed,0
79,1,0,18086,614141,0,0,5,Retired,0
53,8,2,10142,234090,0,0,3,Unemployed,1
56,6,3,11809,518497,2538363,1,5,Employed,1
23,4,1,19212,33750,1097694,0,2,Unemployed,0
78,8,5,34501,263996,992327,0,10,Employed,0
24,6,5,15360,768883,0,0,2,Employed,1
66,8,0,19385,235260,0,0,10,Unemployed,0
57,4,1,16695,1003661,0,0,4,Employed,0
70,7,0,3855,989533,0,0,5,Unemployed,1
50,6,3,41635,1012601,0,0,6,Student,0
51,2,1,3821,1121018,0,0,0,Unemployed,1
39,7,6,18750,1281261,0,0,1,Unemployed,1
26,2,1,21403,1215294,0,0,7,Employed,0
43,1,0,2420,1220868,0,0,4,Retired,1
46,7,2,42116,1211106,0,0,1,Student,0
72,4,0,37433,1454381,2171775,0,5,Retired,0
67,4,3,16523,419429,0,0,1,Employed,1
18,1,0,3949,128349,2218991,0,4,Retired,0
81,1,0,44581,1030943,0,1,4,Retired,0
81,4,1,19151,1133856,2678342,0,1,Employed,0
52,5,2,42561,239027,0,0,6,Student,0
61,2,0,28598,410096,0,0,10,Employed,0
42,6,2,5395,714785,0,0,9,Student,1
36,7,3,11896,1295344,0,0,10,Employed,1
55,1,0,36619,1476522,0,0,4,Student,0
66,7,3,4889,982217,0,0,2,Retired,1
26,2,1,41160,633876,0,0,5,Unemployed,0
57,2,0,26945,1044111,953089,0,3,Unemployed,0
54,6,1,7535,1344934,0,0,3,Employed,1
28,1,0,10357,152954,0,0,8,Unemployed,0
52,7,4,44298,502035,0,0,5,Employed,0
47,2,1,8564,1016548,0,0,1,Employed,1
46,6,0,2273,1455818,0,0,5,Retired,1
42,4,3,37889,976989,1857177,0,6,Unemployed,0
44,8,6,9657,810942,0,0,0,Retired,1
69,1,0,2266,275657,0,0,3,Employed,1
65,1,0,10362,198220,0,0,3,Retired,0
58,4,1,26363,1367507,2260510,0,10,Student,0
55,2,1,32925,980974,2785887,0,8,Unemployed,0
84,7,4,10483,906007,0,1,2,Student,1
65,1,0,41468,713817,637750,0,10,Unemployed,0
72,7,4,21757,144481,0,0,5,Student,0
52,6,3,17680,565218,1153242,0,10,Retired,0
70,2,1,9991,921314,0,0,2,Unemployed,1
81,1,0,34951,258485,0,0,0,Employed,0
18,6,3,40415,626781,0,0,4,Employed,0
37,7,1,25739,1020330,661960,0,8,Retired,0
72,8,5,13653,226085,0,0,3,Student,1
20,5,4,6163,17771,0,0,9,Student,0
65,5,0,26177,1302231,1395975,1,1,Employed,0
65,2,1,25071,1485271,1124463,0,1,Retired,0
38,1,0,26812,1453600,0,0,7,Retired,0
52,2,1,33781,228216,0,0,0,Student,0
50,8,6,7209,1272726,2777908,0,4,Unemployed,0
30,1,0,32039,366474,0,0,4,Retired,0
27,1,0,37824,924205,0,0,6,Employed,0
44,6,0,13009,785880,0,0,6,Unemployed,0
52,2,0,6316,591010,0,0,3,Student,1
51,2,0,13247,392506,0,0,5,Unemployed,0
73,6,1,29296,1494530,0,0,8,Retired,0
77,2,1,10062,793600,0,0,4,Unemployed,1
64,6,0,27740,687801,2903995,0,3,Retired,0
63,6,2,30715,632626,0,0,3,Employed,0
57,6,5,13216,768563,0,1,2,Student,1
81,5,1,26379,160934,0,0,1,Employed,0
25,8,7,34409,222342,1273470,0,7,Retired,0
66,2,0,33363,671973,0,0,6,Retired,0
60,5,2,24579,459269,1784201,1,6,Retired,0
56,4,1,17323,488010,0,0,6,Retired,0
40,5,0,41882,841774,0,0,9,Student,0
24,2,0,5555,1150061,0,0,1,Unemployed,1
81,6,2,13857,570152,0,0,5,Employed,1
44,6,2,39752,994198,0,1,7,Employed,0
28,8,7,26935,1194688,0,0,1,Employed,1
57,5,4,13553,333341,0,0,4,Retired,1
73,5,2,33520,316061,0,0,2,Employed,0
66,4,1,40999,752880,0,0,5,Employed,0
43,4,3,44411,905095,0,0,0,Retired,0
74,6,3,22320,172124,0,0,0,Student,0
29,3,0,32122,679790,661303,0,7,Student,0
84,2,1,12525,426198,0,0,0,Unemployed,0
45,8,2,3664,794500,555961,0,5,Retired,1
66,5,0,19297,509523,0,0,6,Student,0
67,3,1,2167,633892,0,0,1,Retired,1
76,8,7,5913,115958,2309038,1,4,Student,1
19,8,5,9200,763280,1619114,0,5,Retired,0
28,4,3,21505,1085582,0,0,10,Unemployed,0
76,5,0,7015,38892,0,0,8,Employed,1
68,1,0,6837,1387005,0,0,8,Unemployed,1
55,7,1,18472,1005833,951891,0,9,Employed,0
49,5,1,39422,211669,1953618,0,0,Retired,0
52,3,1,3909,135556,0,1,6,Student,1
65,6,2,41035,815595,0,1,4,Unemployed,0
80,1,0,21110,340254,0,0,4,Unemployed,0
85,1,0,4934,530574,604484,0,4,Retired,1
60,7,2,33630,464122,0,0,8,Employed,0
57,2,0,35921,443915,1637138,1,10,Student,0
67,8,7,30872,445187,0,0,8,Retired,0
41,4,0,21406,386156,0,1,1,Unemployed,0
18,2,1,18226,1478418,0,0,1,Unemployed,0
79,7,6,39937,1275561,0,0,6,Student,0
80,7,1,30207,755533,0,0,5,Employed,0
30,5,4,39639,717671,0,0,10,Employed,0
33,3,2,20055,743282,0,0,0,Employed,0
24,6,4,29084,1320535,0,0,8,Employed,0
50,3,1,12718,322794,1885827,0,6,Student,0
49,2,0,11157,818360,0,0,3,Unemployed,0
29,8,7,21266,1144336,1606008,1,10,Unemployed,1
82,3,0,29492,492628,0,1,7,Employed,0
23,7,4,18537,820128,0,1,4,Unemployed,1
53,8,2,5684,563275,0,0,3,Unemployed,1
30,8,7,22245,240620,0,0,3,Unemployed,1
26,2,1,40547,561023,0,0,6,Retired,0
70,1,0,16788,1026110,0,0,8,Retired,0
22,3,0,20223,959939,0,0,7,Student,0
33,4,1,42486,1190516,0,0,2,Unemployed,0
69,5,4,19295,354310,2887692,0,3,Student,0
36,8,6,37779,392143,0,0,7,Unemployed,0
63,3,1,23669,1031554,1883833,0,4,Unemployed,0
33,3,1,32394,494199,0,0,5,Retired,0
67,6,1,3476,570918,0,0,3,Student,1
77,5,2,31994,684539,0,0,3,Employed,0
81,8,0,36773,153440,0,0,9,Unemployed,0
37,1,0,30579,641129,0,0,7,Retired,0
30,7,2,5496,541149,0,0,1,Student,1
67,4,0,11138,1318644,0,1,1,Retired,1
22,8,4,32800,294106,2911302,1,2,Unemployed,0
81,3,1,27886,748151,2361499,0,5,Retired,0
50,3,2,25710,426855,1569118,0,5,Employed,0
19,5,4,28141,551186,1488927,1,0,Retired,1
30,8,1,41313,522822,0,0,9,Student,0
79,5,4,5317,1267906,1535249,1,6,Student,1
71,5,3,25331,689288,0,0,2,Retired,0
55,1,0,10667,449982,1266164,0,7,Student,0
57,8,1,4518,313775,0,0,6,Retired,1
77,4,1,26858,555086,720249,0,1,Unemployed,0
70,5,0,18394,462896,1531848,0,9,Student,0
85,6,3,35954,750950,0,0,2,Student,0
33,3,0,17545,1354736,0,0,8,Employed,0
41,7,5,20468,1009807,2249980,0,2,Student,0
50,2,1,5222,1235121,0,0,10,Retired,1
80,8,1,14510,554835,0,0,7,Employed,0
40,4,0,37828,862120,0,0,8,Retired,0
57,1,0,40888,29092,0,0,10,Employed,0
28,2,1,10870,921617,0,1,7,Unemployed,1
52,8,4,16982,435668,0,0,10,Employed,1
82,3,2,4698,1356286,1055686,0,8,Student,1
69,6,1,27694,605034,2507920,0,10,Employed,0
70,7,2,27323,725287,0,0,4,Unemployed,0
73,2,0,7536,780172,1749352,0,5,Employed,0
33,6,3,4160,1403535,921728,0,6,Student,1
56,8,1,12261,854461,0,0,0,Unemployed,1
24,3,0,8503,690454,977469,0,8,Retired,1
23,4,3,30807,557586,0,1,6,Retired,0
23,5,1,37096,934906,2719953,0,0,Employed,0
79,4,1,24603,61362,726634,0,10,Unemployed,0
24,3,1,12841,1341288,2469023,0,0,Retired,0
40,4,3,31605,1461508,2422708,0,0,Retired,0
80,7,0,3364,684242,0,0,3,Employed,1
44,4,1,9276,193570,0,0,4,Student,1
85,3,2,35425,826784,1611228,0,8,Employed,0
82,4,1,34624,524440,0,0,0,Student,0
50,4,1,16182,569057,0,0,1,Retired,0
80,7,2,44418,1165452,0,0,7,Unemployed,0
82,8,4,20992,1467815,0,0,10,Employed,0
33,6,2,16158,1326509,0,0,2,Employed,0
33,5,4,38266,919731,0,0,10,Student,0
48,1,0,7992,586309,1172654,0,6,Unemployed,1
36,1,0,40654,77700,0,0,10,Retired,0
75,5,4,15739,804165,0,0,10,Employed,1
51,4,0,6474,779336,0,1,7,Unemployed,1
49,8,7,5050,425503,0,0,9,Retired,1
75,4,0,26328,1239133,2616534,0,1,Student,0
20,3,1,30674,796781,0,0,3,Retired,0
74,3,1,44144,135975,854277,0,9,Retired,0
34,6,1,19356,988220,1233057,0,1,Retired,0
84,1,0,32833,1425774,0,0,8,Student,0
81,4,0,8577,275489,0,0,9,Unemployed,1
47,7,1,24485,872955,0,0,1,Retired,0
50,1,0,34566,709157,0,0,5,Student,0
67,7,5,37947,1332239,0,0,3,Unemployed,0
39,7,5,9335,943710,2333930,0,2,Unemployed,0
24,6,1,34072,67282,0,0,8,Unemployed,0
65,1,0,21580,1486800,0,0,4,Student,0
32,6,1,39096,392478,2183833,0,7,Student,0
35,3,2,39413,521449,0,0,4,Retired,0
79,4,2,3031,502884,2722331,0,0,Unemployed,0
51,4,0,36035,1095506,0,0,6,Student,0
85,3,1,13892,882655,689676,0,0,Retired,0
35,8,2,8555,496467,2961683,0,4,Student,0
18,7,1,43739,600436,0,0,2,Retired,0
19,8,7,8944,658422,1159756,0,9,Unemployed,0
19,6,4,25569,403548,1372101,0,2,Employed,0
45,1,0,44578,541815,0,0,9,Employed,0
27,4,1,26805,142027,0,1,8,Student,0
84,5,3,24525,935666,0,0,1,Employed,0
76,6,5,30322,844487,535217,0,6,Employed,0
51,6,5,33756,558749,1687847,0,0,Unemployed,0
61,8,3,12041,729217,708172,0,8,Student,1
20,1,0,36596,550215,0,0,5,Employed,0
62,6,2,5353,137245,1674185,0,1,Student,0
57,5,0,11859,770172,0,0,1,Retired,0
82,7,4,18140,1379335,0,0,2,Retired,1
32,2,0,15681,221265,0,0,7,Retired,0
85,5,0,27576,1406153,0,0,9,Unemployed,0
22,3,2,29300,240397,0,0,5,Student,0
33,7,5,39096,877118,2951647,0,1,Retired,0
54,2,1,7356,42045,729263,0,3,Student,1
76,1,0,34555,989780,0,0,8,Retired,0
64,8,7,36553,294690,0,0,3,Unemployed,0
65,6,0,33301,1266101,1465997,0,9,Unemployed,0
24,5,1,24362,549003,0,0,5,Retired,0
83,5,4,37704,450699,0,0,3,Employed,0
73,8,2,9453,252266,0,1,4,Student,1
53,3,0,20585,517702,0,1,3,Student,0
39,4,2,35494,319162,0,0,5,Employed,0
83,2,1,22210,959253,0,0,3,Student,0
27,5,2,20851,240758,0,0,0,Unemployed,0
19,6,0,10772,581259,0,1,2,Retired,1
42,3,1,18885,152871,0,0,2,Student,0
26,1,0,21806,1292857,0,1,1,Student,0
78,7,2,2894,1482446,0,0,3,Retired,1
23,1,0,11096,934845,0,0,6,Employed,0
18,2,1,11308,812866,0,0,2,Student,0
25,4,3,20028,325273,2846058,0,9,Retired,0
59,1,0,30202,310176,881965,0,5,Employed,0
18,2,1,18714,333294,1826880,1,0,Unemployed,1
28,4,2,19690,1224916,969964,0,3,Unemployed,0
83,7,1,42624,142687,0,0,1,Retired,0
37,4,3,42416,48818,0,0,8,Retired,0
73,6,1,16565,167651,0,0,10,Retired,0
33,7,6,41959,1426100,1210434,0,9,Student,0
33,5,1,7129,848692,0,1,10,Employed,1
42,3,1,43329,186261,0,0,5,Employed,0
37,1,0,18341,1282810,0,1,7,Retired,0
41,2,0,23501,48241,0,0,5,Employed,0
45,6,5,35919,455427,0,0,8,Unemployed,0
75,5,3,3493,1056520,0,0,8,Employed,1
52,7,6,9719,318282,0,0,0,Student,1
82,3,1,13835,1411294,0,0,9,Employed,0
53,8,5,23469,1398192,0,0,6,Employed,0
73,3,0,32121,159014,0,0,5,Employed,0
29,8,4,3508,158197,0,0,8,Student,1
58,3,2,33003,543869,0,0,7,Retired,0
42,6,4,28379,1183865,0,1,1,Student,1
21,8,6,39721,1312845,700754,0,4,Employed,0
35,6,5,41192,1007067,0,1,9,Retired,0
51,3,2,29407,256041,976462,0,2,Unemployed,0
28,5,3,10376,1322124,0,0,7,Student,1
19,3,1,33240,1181479,0,0,1,Employed,0
54,1,0,33205,197994,0,1,8,Student,0
36,2,0,44485,1483716,0,1,9,Employed,0
60,6,2,10359,963389,0,1,7,Unemployed,1
30,1,0,8489,302921,0,0,5,Unemployed,1
27,2,0,26527,421712,0,0,7,Student,0
66,3,1,5879,531157,1641596,0,0,Retired,0
68,6,3,28532,1313062,0,0,0,Unemployed,0
69,2,1,40525,1436252,2229931,1,10,Retired,0
25,8,6,25505,360538,505499,0,0,Unemployed,0
50,5,1,23453,460845,0,0,8,Unemployed,0
69,1,0,30308,961267,0,0,3,Student,0
69,1,0,42199,1011581,0,0,2,Employed,0
43,6,3,34135,1219522,811430,0,2,Student,0
55,5,4,24612,454732,0,0,8,Retired,0
35,1,0,41828,216037,2420597,0,9,Student,0
77,7,1,30696,1123466,0,0,0,Retired,0
65,7,2,39900,1367180,0,1,6,Unemployed,0
27,6,1,6370,239590,0,0,5,Retired,1
32,3,1,18389,3040,2771044,0,2,Student,0
61,8,5,13453,380961,2203788,0,6,Unemployed,0
45,8,6,21384,786952,1024661,0,10,Student,1
38,4,0,41637,925937,0,1,3,Employed,0
77,8,1,34404,654394,1426027,0,3,Unemployed,0
70,8,0,28080,761893,0,0,7,Employed,0
26,7,2,10341,202814,0,0,6,Student,1
62,6,4,34936,155486,2009260,1,5,Employed,0
32,4,1,5683,217889,699453,1,8,Employed,1
18,8,0,34656,334927,0,0,8,Unemployed,0
80,1,0,30920,1367278,0,0,7,Unemployed,0
42,6,2,25518,461397,0,1,7,Unemployed,0
80,2,0,17201,843026,2743780,0,7,Unemployed,0
30,1,0,5768,840439,0,0,10,Retired,1
49,1,0,23700,645159,1441004,0,9,Retired,0
55,6,0,24550,692694,1539683,0,6,Unemployed,0
78,4,1,10554,1364574,0,0,1,Employed,1
68,7,4,17232,588805,1144598,0,3,Retired,1
56,8,4,34300,332520,0,0,9,Retired,0
75,7,6,19945,164164,0,0,9,Unemployed,1
76,8,1,37229,935561,1857460,0,5,Student,0
50,1,0,10745,950585,0,0,8,Student,0
82,5,1,4233,1304851,2273468,0,6,Employed,0
32,5,2,2603,721202,2227493,0,3,Employed,0
69,7,1,12248,298397,881248,0,4,Unemployed,1
78,2,1,23736,943838,0,0,6,Student,0
82,4,2,30923,1089179,988941,0,8,Retired,0
18,6,5,32449,1179997,0,0,6,Unemployed,0
74,8,4,40448,303409,0,0,10,Unemployed,0
20,5,0,22861,382251,0,0,6,Unemployed,0
58,6,1,18713,136534,1900143,0,10,Student,0
19,8,3,5006,1184902,0,1,3,Employed,1
85,3,2,42426,619228,0,0,8,Unemployed,0
44,4,0,38614,179148,1742786,0,1,Employed,0
39,1,0,18019,213557,0,0,0,Student,0
52,5,2,25560,93614,0,0,0,Student,0
54,4,0,34474,739095,0,0,8,Student,0
78,1,0,25727,121186,1212077,0,5,Student,0
46,1,0,15740,682909,0,0,9,Retired,0
38,2,1,23094,399247,0,0,4,Student,0
22,5,1,44536,1038188,0,0,10,Unemployed,0
82,3,1,10252,64684,763430,1,7,Student,1
82,8,3,42728,410985,0,0,3,Unemployed,0
71,3,1,22320,1071347,0,0,5,Unemployed,0
67,8,0,11753,1181739,0,0,7,Retired,0
72,6,1,2295,392447,0,0,4,Retired,1
38,3,0,27045,93889,0,0,6,Retired,0
74,5,2,43597,364410,0,1,5,Employed,0
84,5,1,34679,1070599,0,1,6,Student,0
63,5,2,4338,188782,0,0,1,Employed,1
57,7,2,20528,706690,0,0,3,Unemployed,0
78,6,2,41190,1301016,0,0,8,Unemployed,0
48,7,5,25295,45897,0,1,6,Student,1
66,4,0,41185,1180644,1893670,0,2,Employed,0
44,3,2,33440,929731,0,0,2,Student,0
81,4,0,34038,272385,0,0,5,Unemployed,0
75,1,0,41034,116224,0,0,1,Retired,0
27,7,0,27688,1322323,0,0,5,Student,0
63,4,0,14106,1281633,0,1,3,Student,1
46,5,3,17904,455119,0,0,6,Employed,0
70,7,0,7963,91707,0,0,1,Retired,1
85,7,5,16746,971038,0,0,1,Employed,1
48,7,1,20512,788158,0,0,1,Unemployed,0
57,7,3,7667,887230,0,0,8,Student,1
68,1,0,19734,902773,0,0,6,Unemployed,0
43,2,0,8134,882097,0,0,8,Retired,1
54,8,7,44212,1491932,2389400,1,7,Student,0
37,7,2,27720,726701,2472701,0,0,Retired,0
29,7,1,9726,707968,0,0,7,Student,1
65,8,3,30212,1049779,0,0,7,Retired,0
70,4,3,4290,1418746,2762294,0,4,Student,0
49,4,3,18251,1042169,0,0,3,Student,0
71,4,2,35178,892474,0,0,0,Unemployed,0
41,1,0,5217,807789,0,0,9,Unemployed,1
23,8,2,39351,148861,0,0,9,Employed,0
39,6,1,30417,621381,2017164,1,8,Retired,0
42,2,1,34143,886000,1343693,0,0,Retired,0
85,5,1,31776,512017,0,0,1,Retired,0
63,1,0,43597,284787,0,0,3,Unemployed,0
79,8,4,41793,1494033,0,0,1,Student,0
44,4,2,28079,851559,0,0,3,Retired,0
20,1,0,43687,660248,0,0,6,Student,0
35,2,0,25193,743230,2987768,0,1,Employed,0
47,4,1,19811,1372047,0,1,0,Employed,0
45,8,3,44985,762042,0,1,5,Retired,0
62,4,3,8661,1217322,0,0,9,Unemployed,1
54,1,0,6056,581953,2946511,1,4,Student,1
57,4,0,27421,286570,0,0,6,Unemployed,0
58,5,3,41605,847465,1339472,0,5,Student,0
79,2,0,18638,600523,0,0,2,Unemployed,0
23,1,0,2363,330167,1638524,0,7,Unemployed,0
33,8,4,30558,1189873,2250024,0,5,Student,0
83,2,1,44923,1061282,2071559,0,2,Employed,0
